"lower","upper","xi"
0.162000604419432,0.454180153479405,0
0.254184525160514,0.546364074220486,1
0.343422728368786,0.635602277428759,1
0.284094906376449,0.576274455436421,1
0.319381671161475,0.611561220221448,1
0.363003856637599,0.655183405697572,1
0.30735126264557,0.599530811705542,1
0.306402728236365,0.598582277296337,1
0.350396585677214,0.642576134737186,1
0.397590165316832,0.689769714376805,1
0.403801182528732,0.695980731588704,1
0.367513688819878,0.65969323787985,1
0.359572259021697,0.651751808081669,1
0.385410206294703,0.677589755354675,1
0.299218509621071,0.591398058681044,1
0.278789614865951,0.570969163925924,1
0.373444804932696,0.665624353992669,1
0.383561588679525,0.675741137739497,1
0.357285939850929,0.649465488910901,1
0.286615818780931,0.578795367840904,1
0.290920671133098,0.583100220193071,1
0.415608794020263,0.707788343080235,1
0.330074957117212,0.622254506177185,1
0.376996018950291,0.669175568010263,1
0.40221443492462,0.694393983984592,1
0.444797323856897,0.73697687291687,1
0.232417426781503,0.524596975841475,1
0.286805002976604,0.578984552036576,1
0.214137840421644,0.506317389481617,1
0.426321764006364,0.718501313066336,1
0.472594871833073,0.764774420893046,1
0.346928585316139,0.639108134376111,1
0.379762843603663,0.671942392663636,1
0.243153738520813,0.535333287580786,1
0.391331895777729,0.683511444837702,1
0.468094180566343,0.760273729626316,1
0.404825413719214,0.697004962779187,1
0.338582508245878,0.63076205730585,1
0.430179055123674,0.722358604183647,1
0.382405561157587,0.674585110217559,1
0.307908890329696,0.600088439389669,1
0.308211808631591,0.600391357691564,1
0.388429452350137,0.680609001410109,1
0.327672853580139,0.619852402640112,1
0.370612509466481,0.662792058526454,1
0.380137609499591,0.672317158559563,1
0.315004061608039,0.607183610668011,1
0.428555111178902,0.720734660238875,1
0.278310064283905,0.570489613343877,1
0.473071410843876,0.765250959903849,1
0.31168129929505,0.603860848355023,1
0.314750962761936,0.606930511821908,1
0.373190262878087,0.66536981193806,1
0.514104135935279,0.806283684995252,0
0.455643242934493,0.747822791994465,1
0.407949538896876,0.700129087956848,1
0.40698053963646,0.699160088696433,1
0.358521374046576,0.650700923106549,1
0.45766172140069,0.749841270460663,1
0.245286458772691,0.537466007832664,1
0.178143192590299,0.470322741650271,0
0.399246113742786,0.691425662802759,1
0.348302096108369,0.640481645168342,1
0.406762698815909,0.698942247875882,1
0.371746886842968,0.663926435902941,1
0.365185372278489,0.657364921338462,1
0.338862150530415,0.631041699590388,1
0.322319643691577,0.614499192751549,1
0.298370014856033,0.590549563916005,1
0.341256197894387,0.633435746954359,1
0.335842669471251,0.628022218531224,1
0.344344389791064,0.636523938851036,1
0.325272396186761,0.617451945246734,1
0.465194479340461,0.757374028400434,1
0.485036448927991,0.777215997987963,1
0.312043338279945,0.604222887339917,1
0.368965975128509,0.661145524188481,1
0.342127330146504,0.634306879206476,1
0.32505535520156,0.617234904261532,1
0.458405230034537,0.75058477909451,1
0.315498311378457,0.607677860438429,1
0.293539166880545,0.585718715940518,1
0.399974406769894,0.692153955829866,1
0.461760553123203,0.753940102183176,1
0.393890465341282,0.686070014401255,1
0.319740244648504,0.611919793708476,1
0.388182627622433,0.680362176682405,1
0.379503277203463,0.671682826263435,1
0.369593239089869,0.661772788149841,1
0.413022396755489,0.705201945815462,1
0.353500499385493,0.645680048445466,1
0.381410523064829,0.673590072124802,1
0.296526477822808,0.58870602688278,1
0.345271029536076,0.637450578596048,1
0.366643796421982,0.658823345481955,1
0.403691282351586,0.695870831411558,1
0.328225896425319,0.620405445485292,1
0.440520830090863,0.732700379150835,1
0.372942109401422,0.665121658461395,1
0.500983162794036,0.793162711854009,0
0.294252320312358,0.586431869372331,1
0.310569045113794,0.602748594173767,1
0.365780738364058,0.657960287424031,1
0.466446856668614,0.758626405728586,1
0.405290747103366,0.697470296163338,1
0.401158888726579,0.693338437786552,1
0.249933944669016,0.542113493728988,1
0.330913945515724,0.623093494575697,1
0.436017581226078,0.72819713028605,1
0.359373961741499,0.651553510801472,1
0.455599585279596,0.747779134339569,1
0.361910030334341,0.654089579394313,1
0.307697960652185,0.599877509712157,1
0.426051015650627,0.7182305647106,1
0.370978788421574,0.663158337481546,1
0.304182514962825,0.596362064022797,1
0.235916960312448,0.528096509372421,1
0.407590033404303,0.699769582464275,1
0.29047136051744,0.582650909577412,1
0.302632154907805,0.594811703967778,1
0.326020376100289,0.618199925160262,1
0.310728839050752,0.602908388110725,1
0.276007225033911,0.568186774093884,1
0.409209594995178,0.701389144055151,1
0.321947693183792,0.614127242243764,1
0.36965204195904,0.661831591019012,1
0.445978359749314,0.738157908809287,1
0.301041034371676,0.593220583431649,1
0.427647392478235,0.719826941538207,1
0.38311812650576,0.675297675565732,1
0.326699678983313,0.618879228043286,1
0.238445483112482,0.530625032172454,1
0.448331011873754,0.740510560933727,1
0.379412175850096,0.671591724910068,1
0.46124811041643,0.753427659476402,1
0.443142665033313,0.735322214093285,1
0.307272596155998,0.599452145215971,1
0.403059864458712,0.695239413518685,1
0.192033293279903,0.484212842339876,0
0.35140413934839,0.643583688408363,1
0.303650730098682,0.595830279158654,1
0.322912406715028,0.615091955775,1
0.28660097204002,0.578780521099992,1
0.197826113686981,0.490005662746954,0
0.37466709045236,0.666846639512333,1
0.338024817433603,0.630204366493575,1
0.393485887561388,0.685665436621361,1
0.468501027544734,0.760680576604707,1
0.270721462628268,0.56290101168824,1
0.340391529641819,0.632571078701792,1
0.260988758996524,0.553168308056496,1
0.509098446240422,0.801277995300395,0
0.394948241979278,0.687127791039251,1
0.30323824835484,0.595417797414812,1
0.415854896026127,0.708034445086099,1
0.335432838038626,0.627612387098598,1
0.288175096963617,0.580354646023589,1
0.396465451001895,0.688645000061867,1
0.282369329077276,0.574548878137248,1
0.392613565079021,0.684793114138993,1
0.313167674245087,0.605347223305059,1
0.420794314855483,0.712973863915456,1
0.340776153431979,0.632955702491952,1
0.267115056867175,0.559294605927147,1
0.409882770163712,0.702062319223685,1
0.39061826119363,0.682797810253603,1
0.244585178306721,0.536764727366693,1
0.407984978576896,0.700164527636868,1
0.313470253716307,0.60564980277628,1
0.378259446094828,0.670438995154801,1
0.292374480681889,0.584554029741861,1
0.366715364401934,0.658894913461906,1
0.278349350279592,0.570528899339564,1
0.434718077656276,0.726897626716249,1
0.327232352329192,0.619411901389164,1
0.364371822211044,0.656551371271017,1
0.383955443040552,0.676134992100525,1
0.312913854943362,0.605093404003335,1
0.36884878927695,0.661028338336922,1
0.339968638117509,0.632148187177482,1
0.411688570953059,0.703868120013031,1
0.295978956354556,0.588158505414528,1
0.132712411472348,0.42489196053232,0
0.404637313086313,0.696816862146286,1
0.323878123994691,0.616057673054663,1
0.37918124210874,0.671360791168712,1
0.42742276205224,0.719602311112213,1
0.347133103334429,0.639312652394402,1
0.258122471001394,0.550302020061366,1
0.332460470850043,0.624640019910015,1
0.322510506177095,0.614690055237067,1
0.367630116807692,0.659809665867664,1
0.532016515773805,0.824196064833778,0
0.520592482740454,0.812772031800427,0
0.336105178959441,0.628284728019414,1
0.328859330522912,0.621038879582885,1
0.410125666355488,0.702305215415461,1
0.234308845064066,0.526488394124039,1
0.20400474850252,0.496184297562493,0
0.364015851987921,0.656195401047893,1
0.348096898069379,0.640276447129352,1
0.370136608458208,0.662316157518181,1
0.195111746895211,0.487291295955184,0
0.257958278412394,0.550137827472367,1
0.351559149857384,0.643738698917357,1
0.258557766780031,0.550737315840004,1
0.429438008161656,0.721617557221629,1
0.372597829309997,0.66477737836997,1
0.252166339595265,0.544345888655238,1
0.441964026178938,0.734143575238911,1
0.316257425517238,0.608436974577211,1
0.268906246385,0.561085795444973,1
0.360536661335972,0.652716210395945,1
0.288541075629266,0.580720624689239,1
0.468198430223164,0.760377979283137,1
0.335782078229906,0.627961627289879,1
0.541316776578399,0.833496325638371,0
0.359842908300233,0.652022457360206,1
0.254679466701818,0.54685901576179,1
0.33406025203419,0.626239801094162,1
0.362132090403162,0.654311639463134,1
0.425718101590646,0.717897650650618,1
0.380775822477189,0.672955371537162,1
0.445900833338273,0.738080382398245,1
0.312209489005702,0.604389038065675,1
0.41894103688662,0.711120585946592,1
0.399709057679174,0.691888606739146,1
0.307153456265502,0.599333005325474,1
0.393760887451244,0.685940436511216,1
0.192988853897052,0.485168402957025,0
0.373005780262646,0.665185329322619,1
0.286822401339583,0.579001950399555,1
0.31722281258096,0.609402361640933,1
0.47868763268468,0.770867181744653,1
0.289315704965738,0.58149525402571,1
0.366272977766044,0.658452526826017,1
0.461623481858295,0.753803030918268,1
0.250975183004908,0.543154732064881,1
0.328740265417618,0.62091981447759,1
0.322440891661765,0.614620440721738,1
0.390411486627308,0.68259103568728,1
0.418028066054381,0.710207615114354,1
0.320163530261961,0.612343079321933,1
0.231907491552107,0.524087040612079,1
0.304714599293741,0.596894148353713,1
0.337535732374611,0.629715281434583,1
0.431596470309195,0.723776019369168,1
0.458995120998867,0.751174670058839,1
0.303512881614042,0.595692430674014,1
0.450835618713644,0.743015167773617,1
0.353609135354332,0.645788684414305,1
0.463095087600025,0.755274636659997,1
0.288139786458038,0.58031933551801,1
0.356970804319801,0.649150353379774,1
0.32130911934974,0.613488668409713,1
0.355801315632112,0.647980864692085,1
0.451380385190022,0.743559934249995,1
0.313443818373379,0.605623367433352,1
0.268037178735333,0.560216727795306,1
0.40975728126096,0.701936830320932,1
0.185416632373902,0.477596181433874,0
0.415647548805075,0.707827097865048,1
0.250931801316413,0.543111350376385,1
0.503306443938138,0.795485992998111,0
0.317764583225446,0.609944132285419,1
0.281099822274493,0.573279371334466,1
0.25936544909616,0.551544998156133,1
0.303363642681785,0.595543191741757,1
0.329909497665636,0.622089046725609,1
0.411832283355069,0.704011832415042,1
0.208133029436466,0.500312578496439,1
0.337348575714749,0.629528124774722,1
0.274795741723003,0.566975290782976,1
0.387509254780682,0.679688803840655,1
0.512401232398199,0.804580781458172,0
0.299488066535838,0.59166761559581,1
0.368440128485756,0.660619677545729,1
0.441166370140162,0.733345919200135,1
0.407161761536347,0.69934131059632,1
0.32645923612803,0.618638785188002,1
0.429983131117272,0.722162680177244,1
0.449649909739467,0.741829458799439,1
0.316737817549231,0.608917366609203,1
0.339102937105817,0.631282486165789,1
0.429430832880012,0.721610381939985,1
0.448275215919214,0.740454764979186,1
0.311367760019772,0.603547309079744,1
0.296984308751695,0.589163857811667,1
0.372227111252419,0.664406660312392,1
0.436938306110374,0.729117855170347,1
0.262980195875364,0.555159744935336,1
0.382533257263797,0.674712806323769,1
0.204385310220616,0.496564859280589,0
0.241930446008615,0.534109995068588,1
0.462753760158169,0.754933309218141,1
0.400205051382157,0.692384600442129,1
0.336437010744981,0.628616559804954,1
0.295351889119568,0.58753143817954,1
0.407045260331057,0.699224809391029,1
0.351184608270498,0.643364157330471,1
0.373548317975449,0.665727867035421,1
0.385340651989378,0.67752020104935,1
0.270021897410127,0.562201446470099,1
0.24361663655852,0.535796185618493,1
0.294953515469181,0.587133064529153,1
0.367572336065046,0.659751885125019,1
0.403400279095791,0.695579828155764,1
0.419993935443235,0.712173484503207,1
0.386837795185941,0.679017344245913,1
0.190144605992136,0.482324155052108,0
0.450404364750805,0.742583913810777,1
0.450193641268112,0.742373190328084,1
0.415170095716687,0.70734964477666,1
0.352341474634679,0.644521023694652,1
0.420169895199833,0.712349444259805,1
0.250543467152638,0.54272301621261,1
0.378303215601566,0.670482764661538,1
0.392662331829863,0.684841880889836,1
0.26901536353717,0.561194912597142,1
0.353529194737869,0.645708743797841,1
0.25045389344769,0.542633442507662,1
0.360628788308325,0.652808337368297,1
0.398153589614751,0.690333138674724,1
0.349091950706291,0.641271499766263,1
0.316253095006965,0.608432644066937,1
0.33122871146701,0.623408260526983,1
0.419877035228309,0.712056584288282,1
0.366715805957489,0.658895355017461,1
0.309063292445389,0.601242841505361,1
0.484112623810542,0.776292172870514,1
0.508570974889916,0.800750523949889,0
0.415398577906586,0.707578126966559,1
0.283322222246873,0.575501771306845,1
0.392445460640289,0.684625009700261,1
0.308548421159781,0.600727970219754,1
0.209950655088844,0.502130204148817,1
0.337157645087463,0.629337194147435,1
0.41050277049196,0.702682319551932,1
0.414072548283038,0.70625209734301,1
0.292238887286208,0.584418436346181,1
0.347387216949609,0.639566766009582,1
0.349387029196841,0.641566578256813,1
0.349692985705805,0.641872534765778,1
0.505219733601831,0.797399282661803,0
0.373538603877423,0.665718152937395,1
0.312961118896576,0.605140667956549,1
0.31124439780764,0.603423946867613,1
0.456592616729212,0.748772165789185,1
0.480824211312853,0.773003760372825,1
0.322951078208558,0.615130627268531,1
0.334575828641427,0.626755377701399,1
0.375596839805839,0.667776388865811,1
0.341521894151119,0.633701443211091,1
0.25878436664283,0.550963915702803,1
0.363574218015892,0.655753767075864,1
0.428094457535468,0.72027400659544,1
0.179823711540945,0.472003260600917,0
0.228372896846158,0.52055244590613,1
0.367667016273759,0.659846565333732,1
0.367991090328517,0.660170639388489,1
0.319899063863255,0.612078612923227,1
0.328804311710494,0.620983860770467,1
0.343073992457635,0.635253541517608,1
0.365126426109818,0.657305975169791,1
0.233683329412487,0.52586287847246,1
0.269636088574079,0.561815637634052,1
0.317307753126842,0.609487302186815,1
0.292918198100996,0.585097747160969,1
0.389504034517728,0.6816835835777,1
0.422359423474493,0.714538972534466,1
0.275488882631458,0.567668431691431,1
0.456882764006428,0.749062313066401,1
0.467298444324878,0.759477993384851,1
0.227963762803398,0.52014331186337,1
0.20688412201444,0.499063671074413,0
0.409264283886574,0.701443832946547,1
0.389501290267107,0.68168083932708,1
0.299680950612224,0.591860499672197,1
0.357764989847091,0.649944538907064,1
0.439949303053714,0.732128852113687,1
0.257510514397569,0.549690063457541,1
0.322667367922537,0.614846916982509,1
0.372271915489581,0.664451464549554,1
0.20235917601898,0.494538725078953,0
0.522117028893056,0.814296577953028,0
0.414177525489054,0.706357074549027,1
0.442692408721668,0.73487195778164,1
0.348480360841773,0.640659909901746,1
0.396580032922101,0.688759581982074,1
0.434846447496759,0.727025996556732,1
0.340779384174468,0.632958933234441,1
0.464078371455046,0.756257920515018,1
0.40734852508495,0.699528074144922,1
0.307262376908608,0.59944192596858,1
0.286174829532477,0.578354378592449,1
0.399169199334852,0.691348748394825,1
0.234533565331645,0.526713114391618,1
0.286241854427777,0.57842140348775,1
0.302194744840659,0.594374293900632,1
0.326281225304204,0.618460774364176,1
0.304308718019249,0.596488267079222,1
0.293812570871559,0.585992119931532,1
0.393917377552412,0.686096926612385,1
0.300783673265723,0.592963222325695,1
0.334303548461842,0.626483097521814,1
0.388770502397564,0.680950051457537,1
0.329782046512785,0.621961595572757,1
0.388835564561583,0.681015113621555,1
0.333875548493512,0.626055097553484,1
0.382499679592522,0.674679228652495,1
0.288378562447699,0.580558111507672,1
0.260355739694483,0.552535288754456,1
0.391164031697832,0.683343580757804,1
0.371121148776037,0.663300697836009,1
0.30560694443536,0.597786493495333,1
0.366128950282084,0.658308499342057,1
0.406283934673689,0.698463483733662,1
0.376573956178896,0.668753505238868,1
0.286307767789585,0.578487316849557,1
0.387630204091243,0.679809753151216,1
0.383720393427732,0.675899942487704,1
0.362926594597993,0.655106143657965,1
0.447232854020245,0.739412403080218,1
0.294959038103394,0.587138587163367,1
0.323205953630082,0.615385502690055,1
0.250716167699319,0.542895716759292,1
0.294969507255676,0.587149056315648,1
0.28353626996132,0.575715819021292,1
0.330494172726842,0.622673721786815,1
0.323024100650497,0.615203649710469,1
0.538973145554858,0.83115269461483,0
0.454043923422468,0.746223472482441,1
0.32968291560662,0.621862464666593,1
0.505439335382628,0.7976188844426,0
0.316432056354133,0.608611605414105,1
0.252584205796095,0.544763754856068,1
0.359585656376329,0.651765205436302,1
0.303142343844992,0.595321892904965,1
0.388245513673646,0.680425062733618,1
0.273192039531119,0.565371588591091,1
0.371195093211802,0.663374642271775,1
0.492851221153286,0.785030770213259,1
0.284568203391281,0.576747752451254,1
0.229571387105085,0.521750936165057,1
0.411636670596671,0.703816219656644,1
0.373322179365677,0.665501728425649,1
0.328645126066876,0.620824675126848,1
0.340953023587438,0.63313257264741,1
0.348524598648545,0.640704147708518,1
0.321995722109847,0.614175271169819,1
0.319428644914575,0.611608193974547,1
0.419807514574773,0.711987063634746,1
0.244998941286551,0.537178490346524,1
0.454984829973824,0.747164379033797,1
0.25884676055215,0.551026309612123,1
0.269352350674343,0.561531899734316,1
0.402356243206583,0.694535792266555,1
0.477417444138251,0.769596993198224,1
0.243584002130749,0.535763551190722,1
0.32466284338859,0.616842392448562,1
0.363836231714509,0.656015780774482,1
0.33134599397433,0.623525543034303,1
0.470734251518818,0.762913800578791,1
0.373323635721353,0.665503184781326,1
0.380966484542089,0.673146033602062,1
0.396590511992968,0.688770061052941,1
0.175677274209531,0.467856823269504,0
0.344093292884923,0.636272841944896,1
0.340428839743532,0.632608388803505,1
0.298108390869347,0.590287939929319,1
0.527837468539449,0.820017017599421,0
0.20570530304228,0.497884852102253,0
0.274649459848575,0.566829008908548,1
0.345967428645514,0.638146977705486,1
0.370816869004714,0.662996418064686,1
0.403369332038261,0.695548881098233,1
0.309807210426551,0.601986759486524,1
0.320766101369408,0.612945650429381,1
0.264651771956208,0.55683132101618,1
0.403156805049402,0.695336354109374,1
0.283358884970742,0.575538434030714,1
0.326459998306903,0.618639547366875,1
0.382256423211741,0.674435972271713,1
0.352293347034998,0.644472896094971,1
0.252551540681245,0.544731089741218,1
0.332981710922989,0.625161259982961,1
0.437176786917346,0.729356335977319,1
0.307438356471332,0.599617905531305,1
0.316585265141996,0.608764814201969,1
0.385578756992168,0.677758306052141,1
0.314086411655965,0.606265960715937,1
0.423463437329131,0.715642986389103,1
0.328302753261996,0.620482302321968,1
0.452065357514741,0.744244906574714,1
0.352421835510455,0.644601384570427,1
0.339146739084668,0.631326288144641,1
0.470232354829483,0.762411903889455,1
0.405470931758257,0.69765048081823,1
0.452732366675906,0.744911915735878,1
0.368557313902698,0.660736862962671,1
0.419246220009796,0.711425769069769,1
0.292051433518924,0.584230982578896,1
0.327023056657138,0.61920260571711,1
0.238556266292083,0.530735815352055,1
0.341888375094555,0.634067924154528,1
0.386467187862617,0.67864673692259,1
0.235012777471068,0.52719232653104,1
0.352019518702375,0.644199067762348,1
0.332575479828216,0.624755028888188,1
0.458126359956113,0.750305909016085,1
0.357339552723266,0.649519101783239,1
0.453122275271537,0.74530182433151,1
0.348554628399906,0.640734177459878,1
0.304261428051092,0.596440977111064,1
0.420698105337493,0.712877654397466,1
0.27078280119389,0.562962350253863,1
0.263274457239009,0.555454006298982,1
0.42494386732121,0.717123416381183,1
0.467122246894759,0.759301795954732,1
0.447477407236668,0.73965695629664,1
0.328408235524244,0.620587784584217,1
0.351250303485515,0.643429852545488,1
0.358216015322529,0.650395564382501,1
0.377827268415215,0.670006817475188,1
0.388191423576099,0.680370972636071,1
0.355367438490587,0.647546987550559,1
0.420743158035996,0.712922707095968,1
0.236012074005253,0.528191623065226,1
0.289464796329933,0.581644345389905,1
0.256588810863989,0.548768359923961,1
0.206258530335896,0.498438079395868,0
0.349167533571295,0.641347082631268,1
0.315539397682768,0.607718946742741,1
0.255058997352692,0.547238546412664,1
0.378064481288589,0.670244030348562,1
0.379836388905617,0.672015937965589,1
0.336843459241487,0.629023008301459,1
0.403871244932609,0.696050793992582,1
0.250323615870523,0.542503164930495,1
0.340278368655987,0.632457917715959,1
0.356621950580823,0.648801499640795,1
0.390360557035006,0.682540106094979,1
0.35094625536516,0.643125804425133,1
0.433747765789824,0.725927314849797,1
0.352045065951618,0.64422461501159,1
0.414563476926111,0.706743025986083,1
0.358242937638509,0.650422486698481,1
0.35254524539078,0.644724794450753,1
0.344575440413403,0.636754989473375,1
0.365639402278162,0.657818951338135,1
0.354732915180199,0.646912464240171,1
0.343654380346112,0.635833929406084,1
0.368163370289924,0.660342919349897,1
0.226658003353598,0.518837552413571,1
0.375084103111572,0.667263652171545,1
0.281806031873844,0.573985580933817,1
0.427136434082336,0.719315983142309,1
0.378264310268459,0.670443859328432,1
0.388704222482713,0.680883771542686,1
0.362387304655361,0.654566853715333,1
0.364626117201296,0.656805666261268,1
0.418375945164285,0.710555494224258,1
0.376560438730217,0.66873998779019,1
0.408883199261896,0.701062748321869,1
0.242618628648815,0.534798177708787,1
0.294601942268285,0.586781491328257,1
0.329278889542219,0.621458438602192,1
0.366248303414407,0.658427852474379,1
0.363468518771005,0.655648067830978,1
0.372260138822493,0.664439687882466,1
0.284495485957486,0.576675035017458,1
0.392171278342999,0.684350827402972,1
0.347951214352397,0.640130763412369,1
0.373525253383837,0.66570480244381,1
0.402182166739451,0.694361715799424,1
0.344320193145819,0.636499742205791,1
0.419743691706183,0.711923240766155,1
0.334538007911069,0.626717556971041,1
0.339568230101613,0.631747779161585,1
0.369657711695654,0.661837260755626,1
0.385717648697791,0.677897197757763,1
0.299820890738713,0.592000439798686,1
0.307364983727929,0.599544532787902,1
0.391680548537296,0.683860097597269,1
0.42962376125631,0.721803310316282,1
0.208175285916549,0.500354834976522,1
0.393406444814451,0.685585993874423,1
0.257102077434234,0.549281626494207,1
0.382055022733681,0.674234571793653,1
0.434381124372678,0.726560673432651,1
0.35405542659116,0.646234975651133,1
0.300875197765502,0.593054746825474,1
0.383780035728983,0.675959584788956,1
0.327205818498902,0.619385367558874,1
0.34121352835722,0.633393077417193,1
0.335021711881357,0.627201260941329,1
0.361904471580334,0.654084020640306,1
0.404143733961281,0.696323283021254,1
0.325216944526655,0.617396493586627,1
0.20626556171268,0.498445110772652,0
0.505210128608244,0.797389677668217,0
0.399613498596869,0.691793047656842,1
0.339254946024241,0.631434495084214,1
0.339520146677665,0.631699695737638,1
0.29967263076618,0.591852179826153,1
0.382721120688838,0.674900669748811,1
0.209602129439287,0.501781678499259,1
0.273582047064252,0.565761596124224,1
0.355672215945172,0.647851765005144,1
0.440934345075014,0.733113894134986,1
0.436030495984874,0.728210045044847,1
0.37057376950522,0.662753318565192,1
0.428282393401883,0.720461942461856,1
0.212427609471378,0.504607158531351,1
0.458274842623395,0.750454391683368,1
0.309285814698559,0.601465363758532,1
0.276563701805122,0.568743250865095,1
0.281733944743646,0.573913493803618,1
0.369693261706355,0.661872810766327,1
0.461441721265909,0.753621270325882,1
0.286095664009226,0.578275213069198,1
0.32467243906895,0.616851988128923,1
0.267396859804563,0.559576408864536,1
0.408876382710186,0.701055931770158,1
0.411673903507265,0.703853452567237,1
0.443420213207997,0.73559976226797,1
0.36731239199802,0.659491941057993,1
0.336476887028438,0.628656436088411,1
0.268430589041757,0.560610138101729,1
0.244777097719185,0.536956646779157,1
0.283199143017106,0.575378692077078,1
0.254923027376729,0.547102576436701,1
0.298809702037918,0.59098925109789,1
0.349419424103968,0.64159897316394,1
0.283654580928159,0.575834129988132,1
0.354274935006869,0.646454484066842,1
0.348753227149221,0.640932776209193,1
0.385364099820229,0.677543648880201,1
0.414115053860865,0.706294602920838,1
0.345483893151479,0.637663442211452,1
0.331406117645177,0.623585666705149,1
0.23133359144295,0.523513140502922,1
0.411506510210929,0.703686059270901,1
0.366749436124312,0.658928985184285,1
0.327014448923764,0.619193997983736,1
0.367255200922263,0.659434749982236,1
0.324822342934482,0.617001891994454,1
0.281775093167173,0.573954642227146,1
0.409260474420237,0.701440023480209,1
0.246744758382834,0.538924307442807,1
0.405694314243046,0.697873863303018,1
0.444696785893065,0.736876334953038,1
0.321205117673076,0.613384666733049,1
0.411337639899077,0.70351718895905,1
0.302455284069376,0.594634833129349,1
0.355079091149467,0.647258640209439,1
0.366855570126099,0.659035119186071,1
0.373649446397794,0.665828995457766,1
0.397874622585647,0.690054171645619,1
0.484420225299048,0.77659977435902,1
0.397413171636956,0.689592720696929,1
0.330330583495172,0.622510132555145,1
0.342631735027231,0.634811284087204,1
0.374298610766503,0.666478159826475,1
0.312205128475798,0.60438467753577,1
0.385106194821891,0.677285743881864,1
0.383661532009415,0.675841081069388,1
0.282448113146322,0.574627662206295,1
0.314038825899757,0.60621837495973,1
0.363946937780601,0.656126486840574,1
0.338265305302811,0.630444854362784,1
0.244066820304615,0.536246369364587,1
0.27730842985066,0.569487978910633,1
0.428004157305779,0.720183706365752,1
0.376387308207425,0.668566857267397,1
0.393347934178782,0.685527483238754,1
0.381323548137915,0.673503097197888,1
0.453113609175282,0.745293158235255,1
0.418262149652861,0.710441698712833,1
0.448798423317966,0.740977972377939,1
0.342700619540882,0.634880168600855,1
0.441888997606086,0.734068546666059,1
0.270748073649677,0.562927622709649,1
0.409897716975234,0.702077266035207,1
0.221845009188873,0.514024558248845,1
0.325200358292483,0.617379907352455,1
0.308120477676165,0.600300026736138,1
0.385313725979152,0.677493275039124,1
0.283287166908157,0.57546671596813,1
0.246367713183559,0.538547262243532,1
0.277229870370053,0.569409419430025,1
0.437882454067863,0.730062003127836,1
0.342110230660461,0.634289779720433,1
0.384285617273696,0.676465166333668,1
0.42070777195359,0.712887321013563,1
0.34305056457261,0.635230113632582,1
0.360303459575794,0.652483008635767,1
0.345971196869783,0.638150745929755,1
0.504450542413093,0.796630091473066,0
0.278060964676636,0.570240513736608,1
0.42535961071193,0.717539159771902,1
0.359413062388472,0.651592611448445,1
0.29368320625439,0.585862755314363,1
0.233877973393621,0.526057522453594,1
0.31852050538028,0.610700054440253,1
0.396502556197119,0.688682105257092,1
0.352023794419837,0.64420334347981,1
0.400468993073724,0.692648542133697,1
0.372133137638144,0.664312686698117,1
0.413662070574634,0.705841619634606,1
0.451442560440324,0.743622109500297,1
0.28434504943753,0.576524598497503,1
0.301239289338785,0.593418838398757,1
0.45359336590558,0.745772914965553,1
0.180211577264987,0.472391126324959,0
0.324268897168112,0.616448446228085,1
0.31252610341499,0.604705652474962,1
0.566403880012306,0.858583429072278,0
0.444619096190132,0.736798645250105,1
0.470338265795034,0.762517814855007,1
0.365078621120276,0.657258170180249,1
0.360871473664192,0.653051022724164,1
0.279722710476962,0.571902259536935,1
0.294926865673708,0.587106414733681,1
0.284979050788181,0.577158599848154,1
0.334801236147456,0.626980785207428,1
0.298624027174361,0.590803576234333,1
0.434254981852221,0.726434530912193,1
0.41336612201149,0.705545671071462,1
0.283400233442359,0.575579782502331,1
0.316680899397554,0.608860448457527,1
0.342834445457058,0.635013994517031,1
0.488139345507843,0.780318894567815,1
0.443839666149663,0.736019215209636,1
0.36150158823321,0.653681137293183,1
0.192511733523654,0.484691282583627,0
0.316252345649299,0.608431894709272,1
0.408305397563077,0.70048494662305,1
0.368878205969703,0.661057755029676,1
0.407949863695624,0.700129412755596,1
0.308493715038918,0.60067326409889,1
0.374175718096169,0.666355267156142,1
0.307440443518656,0.599619992578628,1
0.367975760867593,0.660155309927566,1
0.359920239692328,0.6520997887523,1
0.265688875281957,0.55786842434193,1
0.369478037250312,0.661657586310285,1
0.454927436226753,0.747106985286725,1
0.427213651014887,0.719393200074859,1
0.298455109271926,0.590634658331899,1
0.201272046002644,0.493451595062616,0
0.346678527657337,0.63885807671731,1
0.212223503423629,0.504403052483601,1
0.30181520382106,0.593994752881033,1
0.376455046557906,0.668634595617878,1
0.261337470010318,0.55351701907029,1
0.225651444738505,0.517830993798477,1
0.344343983082495,0.636523532142468,1
0.356971562913082,0.649151111973055,1
0.297169227350277,0.58934877641025,1
0.350581543531043,0.642761092591015,1
0.285086188305564,0.577265737365537,1
0.438871302497657,0.73105085155763,1
0.259876692585421,0.552056241645393,1
0.366641730764034,0.658821279824006,1
0.3248213621742,0.617000911234173,1
0.376393752897553,0.668573301957526,1
0.208352453846879,0.500532002906852,1
0.385886728029472,0.678066277089444,1
0.405431841619707,0.69761139067968,1
0.38194344754184,0.674122996601813,1
0.342979761984594,0.635159311044566,1
0.491691072373735,0.783870621433708,1
0.226090487802175,0.518270036862148,1
0.360352896195921,0.652532445255893,1
0.377820784842369,0.670000333902342,1
0.245856193075972,0.538035742135945,1
0.317294641346755,0.609474190406727,1
0.355246375589716,0.647425924649688,1
0.469281730004671,0.761461279064643,1
0.376044937311756,0.668224486371728,1
0.316130540794777,0.60831008985475,1
0.295484234465681,0.587663783525653,1
0.382509777814545,0.674689326874517,1
0.366119289641974,0.658298838701946,1
0.256758366396424,0.548937915456397,1
0.283085437859493,0.575264986919465,1
0.330722409233846,0.622901958293818,1
0.332813535113903,0.624993084173876,1
0.321885622691758,0.61406517175173,1
0.376768867744528,0.6689484168045,1
0.287454735234774,0.579634284294747,1
0.333109295580931,0.625288844640903,1
0.405110786726472,0.697290335786445,1
0.298544807215306,0.590724356275278,1
0.318989407701192,0.611168956761164,1
0.337210339784396,0.629389888844369,1
0.50021566384946,0.792395212909433,0
0.493833440227208,0.78601298928718,1
0.346834912239658,0.639014461299631,1
0.415477856476875,0.707657405536848,1
0.263993139017147,0.55617268807712,1
0.300613825670528,0.5927933747305,1
0.390732833645391,0.682912382705363,1
0.296471216649212,0.588650765709184,1
0.315268952767449,0.607448501827421,1
0.403203606833788,0.695383155893761,1
0.496678416705775,0.788857965765747,1
0.321293849291675,0.613473398351647,1
0.500102023744729,0.792281572804702,0
0.397677075703092,0.689856624763064,1
0.345313651529225,0.637493200589198,1
0.354404109618711,0.646583658678683,1
0.332481364652909,0.624660913712882,1
0.403090014428295,0.695269563488268,1
0.197679965069291,0.489859514129264,0
0.41194336004098,0.704122909100952,1
0.285404338248469,0.577583887308441,1
0.405989435636523,0.698168984696495,1
0.279392033903944,0.571571582963916,1
0.325783681538972,0.617963230598944,1
0.304322215428971,0.596501764488943,1
0.328629827572428,0.6208093766324,1
0.357545294157934,0.649724843217907,1
0.292211613520133,0.584391162580105,1
0.395784824476662,0.687964373536634,1
0.281231152944661,0.573410702004634,1
0.312346102665263,0.604525651725235,1
0.305388379930603,0.597567928990575,1
0.439426487229538,0.731606036289511,1
0.352474850768618,0.644654399828591,1
0.257423879791446,0.549603428851418,1
0.418661200561024,0.710840749620997,1
0.366287736419362,0.658467285479335,1
0.316992032461263,0.609171581521236,1
0.268129074444768,0.560308623504741,1
0.283786431804073,0.575965980864046,1
0.242878412947453,0.535057962007426,1
0.44707880989812,0.739258358958093,1
0.365750374252371,0.657929923312344,1
0.304836819487087,0.59701636854706,1
0.330620992598208,0.622800541658181,1
0.303703595538087,0.59588314459806,1
0.432449817575288,0.724629366635261,1
0.309767420461175,0.601946969521148,1
0.377103921735433,0.669283470795406,1
0.242877515928594,0.535057064988566,1
0.323522434006529,0.615701983066502,1
0.303247935506599,0.595427484566572,1
0.332087021378574,0.624266570438547,1
0.34295705599874,0.635136605058712,1
0.417353122738895,0.709532671798868,1
0.490147598300524,0.782327147360496,1
0.502394754015925,0.794574303075897,0
0.340464625487499,0.632644174547471,1
0.376080244185177,0.668259793245149,1
0.275478139453031,0.567657688513003,1
0.438323121730633,0.730502670790605,1
0.339174643852832,0.631354192912805,1
0.339802390565249,0.631981939625221,1
0.269006694553815,0.561186243613787,1
0.467014817578492,0.759194366638464,1
0.288789409146108,0.58096895820608,1
0.377027548208607,0.669207097268579,1
0.407115469092277,0.69929501815225,1
0.255487523099181,0.547667072159154,1
0.335558387244515,0.627737936304487,1
0.342856876966628,0.6350364260266,1
0.362409127312797,0.654588676372769,1
0.290417578066783,0.582597127126756,1
0.318913698207361,0.611093247267333,1
0.420153053845363,0.712332602905336,1
0.436255490325165,0.728435039385138,1
0.390416326477897,0.68259587553787,1
0.300771490666168,0.592951039726141,1
0.419056823612275,0.711236372672248,1
0.411214613102771,0.703394162162744,1
0.381407033042135,0.673586582102108,1
0.296823789174753,0.589003338234725,1
0.329915189536683,0.622094738596656,1
0.34734397648066,0.639523525540633,1
0.400234683256991,0.692414232316964,1
0.38624932518703,0.678428874247002,1
0.244387546161584,0.536567095221557,1
0.307906326041641,0.600085875101614,1
0.318287738796097,0.61046728785607,1
0.309491690538597,0.60167123959857,1
0.261706907809796,0.553886456869769,1
0.45046540746629,0.742644956526262,1
0.493860169511062,0.786039718571035,1
0.330987605836016,0.623167154895989,1
0.260810145467294,0.552989694527266,1
0.393902428009011,0.686081977068983,1
0.462020909610909,0.754200458670882,1
0.43810236242453,0.730281911484502,1
0.277192537606157,0.56937208666613,1
0.344358583767983,0.636538132827955,1
0.386666846317323,0.678846395377296,1
0.311209381568951,0.603388930628923,1
0.349168204961739,0.641347754021712,1
0.340260038318507,0.63243958737848,1
0.337170151554443,0.629349700614415,1
0.344341344273113,0.636520893333085,1
0.414169364355899,0.706348913415872,1
0.360278525586945,0.652458074646918,1
0.341065382269916,0.633244931329889,1
0.263286734942121,0.555466284002093,1
0.401126258986465,0.693305808046438,1
0.425986916955334,0.718166466015307,1
0.427531436034562,0.719710985094535,1
0.308126661580451,0.600306210640423,1
0.283006286476823,0.575185835536795,1
0.376383143100041,0.668562692160013,1
0.418224898922962,0.710404447982935,1
0.221460556762067,0.513640105822039,1
0.242327154345584,0.534506703405557,1
0.312677520803881,0.604857069863854,1
0.307913893705008,0.60009344276498,1
0.272444670394458,0.56462421945443,1
0.322596352713577,0.61477590177355,1
0.468278228486972,0.760457777546945,1
0.110459462828087,0.40263901188806,0
0.453960049349588,0.746139598409561,1
0.320993281539303,0.613172830599276,1
0.370192569536241,0.662372118596214,1
0.294808693365278,0.586988242425251,1
0.404508262961256,0.696687812021228,1
0.358754022492491,0.650933571552463,1
0.341528832473255,0.633708381533228,1
0.407088288427415,0.699267837487387,1
0.349819690729576,0.641999239789548,1
0.470426543735362,0.762606092795335,1
0.305702531814349,0.597882080874321,1
0.441186362733217,0.73336591179319,1
0.453524050794937,0.745703599854909,1
0.437037004944953,0.729216554004925,1
0.406206444025434,0.698385993085407,1
0.394920081966641,0.687099631026613,1
0.369983594239153,0.662163143299125,1
0.353533555888655,0.645713104948628,1
0.287836020000674,0.580015569060646,1
0.330789847388017,0.622969396447989,1
0.30090516382992,0.593084712889893,1
0.372963685304942,0.665143234364915,1
0.375661749791749,0.667841298851721,1
0.458112362752132,0.750291911812105,1
0.369419400218648,0.661598949278621,1
0.433202841516358,0.72538239057633,1
0.350812056982043,0.642991606042015,1
0.293025760689524,0.585205309749497,1
0.235427764953819,0.527607314013792,1
0.458152484392521,0.750332033452494,1
0.323240028736266,0.615419577796238,1
0.372055769971035,0.664235319031008,1
0.427719762870195,0.719899311930167,1
0.296960998973893,0.589140548033866,1
0.3039714517647,0.596151000824673,1
0.384032334568995,0.676211883628967,1
0.348231549416753,0.640411098476726,1
0.327731497705377,0.61991104676535,1
0.409403595913596,0.701583144973569,1
0.295254257146043,0.587433806206015,1
0.254493600327295,0.546673149387268,1
0.329661840770167,0.62184138983014,1
0.329930688467271,0.622110237527244,1
0.29200768052764,0.584187229587612,1
0.386260839438461,0.678440388498433,1
0.280987052785627,0.5731666018456,1
0.190395149133873,0.482574698193846,0
0.212933283605076,0.505112832665049,1
0.308608985796345,0.600788534856317,1
0.279557147338139,0.571736696398112,1
0.509818848978502,0.801998398038474,0
0.35013617959658,0.642315728656553,1
0.33187281260741,0.624052361667382,1
0.341233550411112,0.633413099471085,1
0.226957590826871,0.519137139886844,1
0.370086306173749,0.662265855233722,1
0.391731334985318,0.683910884045291,1
0.253780216486277,0.54595976554625,1
0.2444852731921,0.536664822252073,1
0.327999814222651,0.620179363282624,1
0.293688997264725,0.585868546324698,1
0.458688829167209,0.750868378227182,1
0.356787748335324,0.648967297395297,1
0.384750898891834,0.676930447951806,1
0.260292453174564,0.552472002234536,1
0.467716690567406,0.759896239627379,1
0.252705110356606,0.544884659416579,1
0.432372368510586,0.724551917570559,1
0.305446596019986,0.597626145079958,1
0.269374357004113,0.561553906064086,1
0.35820239651491,0.650381945574882,1
0.307781220455738,0.599960769515711,1
0.275250824008532,0.567430373068504,1
0.578335072592296,0.870514621652268,0
0.33270617876676,0.624885727826732,1
0.475245134279527,0.767424683339499,1
0.237650706614452,0.529830255674424,1
0.38542660269429,0.677606151754263,1
